<BackupInst xmlns="http://www.microsoft.com/GroupPolicy/GPOOperations/Manifest"><GPOGuid><![CDATA[{4FF4ADE6-9208-4336-A157-C40F1AF71123}]]></GPOGuid><GPODomain><![CDATA[avd.local]]></GPODomain><GPODomainGuid><![CDATA[{757b93e7-0c35-45bc-9f47-aeb0e1136891}]]></GPODomainGuid><GPODomainController><![CDATA[AVD01.avd.local]]></GPODomainController><BackupTime><![CDATA[2019-08-19T10:39:06]]></BackupTime><ID><![CDATA[{E8E55F0C-C242-48FA-ADBD-765767E9D5C9}]]></ID><Comment><![CDATA[]]></Comment><GPODisplayName><![CDATA[Cloud 2.0_BEWAN_Fslogix]]></GPODisplayName></BackupInst>
