<BackupInst xmlns="http://www.microsoft.com/GroupPolicy/GPOOperations/Manifest"><GPOGuid><![CDATA[{420A0EB3-0938-4BF7-957E-C06D2C7455F0}]]></GPOGuid><GPODomain><![CDATA[BEWAN.local]]></GPODomain><GPODomainGuid><![CDATA[{5eb80cb8-fa99-4804-864d-1850667ea7c9}]]></GPODomainGuid><GPODomainController><![CDATA[BW-CM-DC01.BEWAN.local]]></GPODomainController><BackupTime><![CDATA[2020-01-26T10:42:09]]></BackupTime><ID><![CDATA[{FEC1F0A2-3FC5-4E26-8C4A-1B2A52BBE627}]]></ID><Comment><![CDATA[CLOUD 2.0_BEWAN_O365]]></Comment><GPODisplayName><![CDATA[CLOUD 2.0_BEWAN_O365]]></GPODisplayName></BackupInst>
