<BackupInst xmlns="http://www.microsoft.com/GroupPolicy/GPOOperations/Manifest"><GPOGuid><![CDATA[{D19A1497-2D7B-4ACE-B070-FBB9A9132C2F}]]></GPOGuid><GPODomain><![CDATA[decostere.local]]></GPODomain><GPODomainGuid><![CDATA[{913590ef-2331-4cf5-b251-79fc399a2ed3}]]></GPODomainGuid><GPODomainController><![CDATA[DECOS-DCC.decostere.local]]></GPODomainController><BackupTime><![CDATA[2019-02-18T06:40:12]]></BackupTime><ID><![CDATA[{C149D31D-B197-41B7-B717-75F83A648C79}]]></ID><Comment><![CDATA[BEWAN_Multi_Host]]></Comment><GPODisplayName><![CDATA[BEWAN_Multi_Host]]></GPODisplayName></BackupInst>
