<?xml version="1.0" encoding="utf-8"?>
<RegistrySettings clsid="{A3CCFC41-DFDB-43a5-8D26-0FE8B954DA51}"><Registry clsid="{9CD4B2F4-923D-47f5-A062-E897DD1DAD50}" name="DisableHWAcceleration" status="DisableHWAcceleration" image="12" changed="2018-12-04 15:41:42" uid="{935C8112-9965-4CB0-A4A8-342858EEE746}" userContext="1" bypassErrors="1"><Properties action="U" displayDecimal="1" default="0" hive="HKEY_CURRENT_USER" key="SOFTWARE\Microsoft\Avalon.Graphics" name="DisableHWAcceleration" type="REG_DWORD" value="00000001"/></Registry>
	<Registry clsid="{9CD4B2F4-923D-47f5-A062-E897DD1DAD50}" name="DragFullWindows" status="DragFullWindows" image="7" changed="2019-03-06 16:12:30" uid="{5FCABD65-E3EA-4CFC-8F6C-6360B6C7312A}"><Properties action="U" displayDecimal="0" default="0" hive="HKEY_CURRENT_USER" key="Control Panel\Desktop" name="DragFullWindows" type="REG_SZ" value="0"/></Registry>
	<Registry clsid="{9CD4B2F4-923D-47f5-A062-E897DD1DAD50}" name="SearchOnly" status="SearchOnly" image="12" changed="2019-07-02 13:32:46" uid="{971F2338-099C-4ADF-A52E-7AC8D632D922}" userContext="1" bypassErrors="1"><Properties action="U" displayDecimal="0" default="0" hive="HKEY_CURRENT_USER" key="SOFTWARE\Microsoft\Windows\CurrentVersion\Explorer\Search\PrimaryProperties\UnindexedLocations" name="SearchOnly" type="REG_DWORD" value="00000000"/></Registry>
</RegistrySettings>
