<BackupInst xmlns="http://www.microsoft.com/GroupPolicy/GPOOperations/Manifest"><GPOGuid><![CDATA[{69A2C162-D105-4715-8F43-FA453BB4B952}]]></GPOGuid><GPODomain><![CDATA[BEWAN.local]]></GPODomain><GPODomainGuid><![CDATA[{5eb80cb8-fa99-4804-864d-1850667ea7c9}]]></GPODomainGuid><GPODomainController><![CDATA[BW-CM-DC01.BEWAN.local]]></GPODomainController><BackupTime><![CDATA[2020-01-26T10:32:05]]></BackupTime><ID><![CDATA[{2B9E724D-009B-4FEB-A7F4-2CEF569600E0}]]></ID><Comment><![CDATA[CLOUD 2.0_BEWAN_Fslogix]]></Comment><GPODisplayName><![CDATA[CLOUD 2.0_BEWAN_Fslogix]]></GPODisplayName></BackupInst>
