<BackupInst xmlns="http://www.microsoft.com/GroupPolicy/GPOOperations/Manifest"><GPOGuid><![CDATA[{DCA2AE54-A22F-4F79-9A3A-89DD42D043D4}]]></GPOGuid><GPODomain><![CDATA[bedimo.local]]></GPODomain><GPODomainGuid><![CDATA[{fd95c161-f966-4bf0-80bd-b238475df364}]]></GPODomainGuid><GPODomainController><![CDATA[BED-CM-DC01.bedimo.local]]></GPODomainController><BackupTime><![CDATA[2019-06-20T19:39:30]]></BackupTime><ID><![CDATA[{90E87F9D-C834-4BCB-A88C-4FC5DD6F730C}]]></ID><Comment><![CDATA[Cloud 2.0_BEWAN_Adobe_Acrobat_DC_SYSLANG]]></Comment><GPODisplayName><![CDATA[Cloud 2.0_BEWAN_Adobe_Acrobat_DC_SYSLANG]]></GPODisplayName></BackupInst>
