<?xml version="1.0" encoding="utf-8"?>
<InternetSettings clsid="{B611EB48-F531-42cd-A1F6-5E0D015377BA}"><IE10 clsid="{683F7AD7-E782-4232-8A6D-F22431F12DB5}" name="Internet Explorer 10" status="Internet Explorer 10" changed="2019-02-12 14:52:55" uid="{FC44D753-3267-4371-928A-7623E0157F25}"><Filters><FilterFile hidden="1" not="0" bool="AND" path="%ProgramFilesDir%\Internet Explorer\iexplore.exe" type="VERSION" gte="1" min="10.0.0.0" max="99.0.0.0" lte="0"/></Filters><Properties><Reg id="Homepage" type="REG_SZ" hive="HKEY_CURRENT_USER" key="Software\Microsoft\Internet Explorer\Main" name="Start Page" value="www.google.be"/><Reg id="SecondaryStartPages" type="REG_MULTI_SZ" hive="HKEY_CURRENT_USER" key="Software\Microsoft\Internet Explorer\Main" name="Secondary Start Pages" value=""/><Reg id="ClearBrowsingHistoryOnExit" type="REG_DWORD" hive="HKEY_CURRENT_USER" key="Software\Microsoft\Internet Explorer\Privacy" name="ClearBrowsingHistoryOnExit" value="0"/><Reg id="StartupOptions" type="REG_DWORD" hive="HKEY_CURRENT_USER" key="Software\Microsoft\Internet Explorer\ContinuousBrowsing" name="Enabled" value="00000000"/><Reg id="UseSoftwareRendering" type="REG_DWORD" hive="HKEY_CURRENT_USER" key="Software\Microsoft\Internet Explorer\Main" name="UseSWRender" value="00000001"/><Reg id="AutoRecoverPageLayout" disabled="1" type="REG_DWORD" hive="HKEY_CURRENT_USER" key="Software\Microsoft\Internet Explorer\BrowserEmulation" name="AutomaticLayoutRecovery" value="00000001"/><Reg id="AlwaysExpandALTText" disabled="1" type="REG_SZ" hive="HKEY_CURRENT_USER" key="Software\Microsoft\Internet Explorer\Main" name="Expand Alt Text" value="no"/><Reg id="EnableCaretBrowsing" disabled="1" type="REG_DWORD" hive="HKEY_CURRENT_USER" key="Software\Microsoft\Internet Explorer\CaretBrowsing" name="EnableOnStartup" value="00000000"/><Reg id="MoveSystemCaret" disabled="1" type="REG_SZ" hive="HKEY_CURRENT_USER" key="Software\Microsoft\Internet Explorer\Main" name="Move System Caret" value="no"/><Reg id="PlaySystemSounds" disabled="1" type="REG_DWORD" hive="HKEY_CURRENT_USER" key="Software\Microsoft\Internet Explorer\Main" name="PlaySounds" value="00000000"/><Reg id="ResetTextSizeOnStartup" disabled="1" type="REG_DWORD" hive="HKEY_CURRENT_USER" key="Software\Microsoft\Internet Explorer\Zoom" name="ResetTextSizeOnStartup" value="00000000"/><Reg id="ResetZoomOnStartup" disabled="1" type="REG_DWORD" hive="HKEY_CURRENT_USER" key="Software\Microsoft\Internet Explorer\Zoom" name="ResetZoomOnStartup2" value="00000000"/><Reg id="CloseUnusedFolders" disabled="1" type="REG_DWORD" hive="HKEY_CURRENT_USER" key="Software\Microsoft\Internet Explorer\Main" name="NscSingleExpand" value="00000000"/><Reg id="DisableScriptDebuggingIE" disabled="1" type="REG_SZ" hive="HKEY_CURRENT_USER" key="Software\Microsoft\Internet Explorer\Main" name="DisableScriptDebuggerIE" value="yes"/><Reg id="DisableScriptDebugging" disabled="1" type="REG_SZ" hive="HKEY_CURRENT_USER" key="Software\Microsoft\Internet Explorer\Main" name="Disable Script Debugger" value="yes"/><Reg id="DisplayErrorNotification" disabled="1" type="REG_SZ" hive="HKEY_CURRENT_USER" key="Software\Microsoft\Internet Explorer\Main" name="Error Dlg Displayed On Every Error" value="no"/><Reg id="DisplayAccBtn" disabled="1" type="REG_DWORD" hive="HKEY_CURRENT_USER" key="Software\Microsoft\Internet Explorer\Services" name="SelectionActivityButtonDisable" value="00000001"/><Reg id="EnableAutoRecover" disabled="1" type="REG_DWORD" hive="HKEY_CURRENT_USER" key="Software\Microsoft\Internet Explorer\Recovery" name="AutoRecover" value="00000000"/><Reg id="EnableFlipAhead" disabled="1" type="REG_DWORD" hive="HKEY_CURRENT_USER" key="Software\Microsoft\Internet Explorer\FlipAhead" name="Enabled" value="00000000"/><Reg id="FTPFolderView" disabled="1" type="REG_SZ" hive="HKEY_CURRENT_USER" key="Software\Microsoft\Ftp" name="Use Web Based FTP" value="no"/><Reg id="EnableSuggestedSites" disabled="1" type="REG_DWORD" hive="HKEY_CURRENT_USER" key="Software\Microsoft\Internet Explorer\Suggested Sites" name="Enabled" value="00000000"/><Reg id="UseThemes" disabled="1" type="REG_DWORD" hive="HKEY_CURRENT_USER" key="Software\Microsoft\Internet Explorer\Main" name="UseThemes" value="00000001"/><Reg id="3rdPartyExtensions" disabled="1" type="REG_SZ" hive="HKEY_CURRENT_USER" key="Software\Microsoft\Internet Explorer\Main" name="Enable Browser Extensions" value="no"/><Reg id="EnableSearchPane" disabled="1" type="REG_DWORD" hive="HKEY_CURRENT_USER" key="Software\Microsoft\Internet Explorer\Main" name="EnableSearchPane" value="00000000"/><Reg id="IntranetSingleWord" disabled="1" type="REG_DWORD" hive="HKEY_CURRENT_USER" key="Software\Microsoft\Internet Explorer\Main" name="GotoIntranetSiteForSingleWordEntry" value="00000000"/><Reg id="NotifyDownloadComplete" disabled="1" type="REG_SZ" hive="HKEY_CURRENT_USER" key="Software\Microsoft\Internet Explorer\Main" name="NotifyDownloadComplete" value="yes"/><Reg id="ReuseWindows" disabled="1" type="REG_DWORD" hive="HKEY_CURRENT_USER" key="Software\Microsoft\Internet Explorer\Main" name="AllowWindowReuse" value="00000001"/><Reg id="ShowFriendlyHTTP" disabled="1" type="REG_SZ" hive="HKEY_CURRENT_USER" key="Software\Microsoft\Internet Explorer\Main" name="Friendly http errors" value="yes"/><Reg id="TellMeIENotDefault" disabled="1" type="REG_SZ" hive="HKEY_CURRENT_USER" key="Software\Microsoft\Internet Explorer\Main" name="Check_Associations" value="yes"/><Reg id="UnderlineLinks" disabled="1" type="REG_SZ" hive="HKEY_CURRENT_USER" key="Software\Microsoft\Internet Explorer\Main" name="Anchor Underline" value="yes"/><Reg id="InlineAutoComplete" disabled="1" type="REG_SZ" hive="HKEY_CURRENT_USER" key="Software\Microsoft\Windows\CurrentVersion\Explorer\AutoComplete" name="Append Completion" value="yes"/><Reg id="InlineAutoComplete2" disabled="1" type="REG_SZ" hive="HKEY_CURRENT_USER" key="Software\Microsoft\Internet Explorer\AutoComplete" name="Append Completion" value="no"/><Reg id="UseMRUSwitching" disabled="1" type="REG_SZ" hive="HKEY_CURRENT_USER" key="Software\Microsoft\Internet Explorer\TabbedBrowsing" name="UseMRUSwitching" value="no"/><Reg id="PassiveFTP" disabled="1" type="REG_SZ" hive="HKEY_CURRENT_USER" key="Software\Microsoft\Ftp" name="Use PASV" value="yes"/><Reg id="SmoothScrolling" disabled="1" type="REG_DWORD" hive="HKEY_CURRENT_USER" key="Software\Microsoft\Internet Explorer\Main" name="SmoothScroll" value="00000001"/><Reg id="HTTP1_1" disabled="1" type="REG_DWORD" hive="HKEY_CURRENT_USER" key="Software\Microsoft\Windows\CurrentVersion\Internet Settings" name="EnableHTTP1_1" value="00000001"/><Reg id="HTTP1_1ThroughProxy" disabled="1" type="REG_DWORD" hive="HKEY_CURRENT_USER" key="Software\Microsoft\Windows\CurrentVersion\Internet Settings" name="ProxyHTTP1.1" value="00000001"/><Reg id="ShowPunycode" disabled="1" type="REG_DWORD" hive="HKEY_CURRENT_USER" key="Software\Microsoft\Windows\CurrentVersion\Internet Settings" name="ShowPunycode" value="00000000"/><Reg id="EnablePunycode" type="REG_DWORD" hive="HKEY_CURRENT_USER" key="Software\Microsoft\Windows\CurrentVersion\Internet Settings" name="EnablePunycode" defaultValue="00000001" bitfield="1" aggregateValue="00000000" aggregateMask="00000000"><SubProp id="EnablePunycodeGlobal" disabled="1" value="00000001" mask="00000001"/><SubProp id="EnablePunycodeIntranet" disabled="1" value="00000000" mask="00000002"/></Reg><Reg id="UrlEncoding" disabled="1" type="REG_DWORD" hive="HKEY_CURRENT_USER" key="Software\Microsoft\Windows\CurrentVersion\Internet Settings" name="UrlEncoding" value="00000000"/><Reg id="DisableIDNPrompt" disabled="1" type="REG_DWORD" hive="HKEY_CURRENT_USER" key="Software\Microsoft\Windows\CurrentVersion\Internet Settings" name="DisableIDNPrompt" value="00000000"/><Reg id="UseAltCodecsHTML5" disabled="1" type="REG_SZ" hive="HKEY_CURRENT_USER" key="Software\Microsoft\Internet Explorer\Main" name="EnableAlternativeCodec" value="yes"/><Reg id="AutoImageResize" disabled="1" type="REG_SZ" hive="HKEY_CURRENT_USER" key="Software\Microsoft\Internet Explorer\Main" name="Enable AutoImageResize" value="yes"/><Reg id="PlayAnimations" disabled="1" type="REG_SZ" hive="HKEY_CURRENT_USER" key="Software\Microsoft\Internet Explorer\Main" name="Play_Animations" value="no"/><Reg id="PlaySounds" disabled="1" type="REG_SZ" hive="HKEY_CURRENT_USER" key="Software\Microsoft\Internet Explorer\Main" name="Play_Background_Sounds" value="no"/><Reg id="ImagePlaceholders" disabled="1" type="REG_DWORD" hive="HKEY_CURRENT_USER" key="Software\Microsoft\Internet Explorer\Main" name="Show image placeholders" value="00000000"/><Reg id="ShowPictures" disabled="1" type="REG_SZ" hive="HKEY_CURRENT_USER" key="Software\Microsoft\Internet Explorer\Main" name="Display Inline Images" value="yes"/><Reg id="LocalMachineCDUnlock" disabled="1" type="REG_DWORD" hive="HKEY_CURRENT_USER" key="SOFTWARE\Microsoft\Internet Explorer\Main\FeatureControl\FEATURE_LOCALMACHINE_LOCKDOWN\Settings" name="LOCALMACHINE_CD_UNLOCK" value="00000000"/><Reg id="LocalMachineFilesUnlock" disabled="1" type="REG_DWORD" hive="HKEY_CURRENT_USER" key="SOFTWARE\Microsoft\Internet Explorer\Main\FeatureControl\FEATURE_LOCALMACHINE_LOCKDOWN" name="iexplore.exe" value="00000001"/><Reg id="AlwaysSendDoNotTrack" disabled="1" type="REG_DWORD" hive="HKEY_CURRENT_USER" key="Software\Microsoft\Internet Explorer\Main" name="DoNotTrack" value="00000000"/><Reg id="RunInvalidSignatures" disabled="1" type="REG_DWORD" hive="HKEY_CURRENT_USER" key="SOFTWARE\Microsoft\Internet Explorer\Download" name="RunInvalidSignatures" value="00000000"/><Reg id="BlockUnsecureImages" disabled="1" type="REG_DWORD" hive="HKEY_CURRENT_USER" key="Software\Microsoft\Internet Explorer\Main" name="MixedContentBlockImages" value="00000000"/><Reg id="ServerCertRevocation" disabled="1" type="REG_DWORD" hive="HKEY_CURRENT_USER" key="Software\Microsoft\Windows\CurrentVersion\Internet Settings" name="CertificateRevocation" value="00000001"/><Reg id="CheckExeSignatures" disabled="1" type="REG_SZ" hive="HKEY_CURRENT_USER" key="SOFTWARE\Microsoft\Internet Explorer\Download" name="CheckExeSignatures" value="yes"/><Reg id="DoNotSaveEncrypted" disabled="1" type="REG_DWORD" hive="HKEY_CURRENT_USER" key="Software\Microsoft\Windows\CurrentVersion\Internet Settings" name="DisableCachingOfSSLPages" value="00000001"/><Reg id="EmptyTemporary" disabled="1" type="REG_DWORD" hive="HKEY_CURRENT_USER" key="Software\Microsoft\Windows\CurrentVersion\Internet Settings\Cache" name="Persistent" value="00000000"/><Reg id="EnableDOMStorage" disabled="1" type="REG_DWORD" hive="HKEY_CURRENT_USER" key="Software\Microsoft\Internet Explorer\Main" name="DOMStorage" value="00000001"/><Reg id="EnableMemProt" disabled="1" type="REG_DWORD" hive="HKEY_LOCAL_MACHINE" key="Software\Microsoft\Internet Explorer\Main" name="DEPOff" value="00000000"/><Reg id="EnableProtectedMode" disabled="1" type="REG_SZ" hive="HKEY_CURRENT_USER" key="Software\Microsoft\Internet Explorer\Main" name="Isolation" value="PMEM"/><Reg id="EnableIntegrated" disabled="1" type="REG_DWORD" hive="HKEY_CURRENT_USER" key="Software\Microsoft\Windows\CurrentVersion\Internet Settings" name="EnableNegotiate" value="00000001"/><Reg id="XmlHttp" disabled="1" type="REG_DWORD" hive="HKEY_CURRENT_USER" key="Software\Microsoft\Internet Explorer\Main" name="XMLHTTP" value="00000001"/><Reg id="PhishingFilter" disabled="1" type="REG_DWORD" hive="HKEY_CURRENT_USER" key="Software\Microsoft\Internet Explorer\PhishingFilter" name="EnabledV8" value="00000000"/><Reg id="PhishingFilter9" disabled="1" type="REG_DWORD" hive="HKEY_CURRENT_USER" key="Software\Microsoft\Internet Explorer\PhishingFilter" name="EnabledV9" value="00000000"/><Reg id="SecureProtocols" type="REG_DWORD" hive="HKEY_CURRENT_USER" key="Software\Microsoft\Windows\CurrentVersion\Internet Settings" name="SecureProtocols" defaultValue="000000A0" bitfield="1" aggregateValue="00000000" aggregateMask="00000000"><SubProp id="SecureProtocolsSsl2" disabled="1" value="00000000" mask="00000008"/><SubProp id="SecureProtocolsSsl3" disabled="1" value="00000020" mask="00000020"/><SubProp id="SecureProtocolsTls10" disabled="1" value="00000080" mask="00000080"/><SubProp id="SecureProtocolsTls11" disabled="1" value="00000000" mask="00000200"/><SubProp id="SecureProtocolsTls12" disabled="1" value="00000000" mask="00000800"/></Reg><Reg id="State" type="REG_DWORD" hive="HKEY_CURRENT_USER" key="Software\Microsoft\Windows\CurrentVersion\WinTrust\Trust Providers\Software Publishing" name="State" defaultValue="00023C00" bitfield="1" aggregateValue="00000000" aggregateMask="00000000"><SubProp id="PubCertRevocation" disabled="1" value="00000000" mask="00000200"/></Reg><Reg id="WarnOnBadCert" disabled="1" type="REG_DWORD" hive="HKEY_CURRENT_USER" key="Software\Microsoft\Windows\CurrentVersion\Internet Settings" name="WarnonBadCertRecving" value="00000001"/><Reg id="WarnChangeSecure" disabled="1" type="REG_DWORD" hive="HKEY_CURRENT_USER" key="Software\Microsoft\Windows\CurrentVersion\Internet Settings" name="WarnonZoneCrossing" value="00000001"/><Reg id="WarnPostRedirect" disabled="1" type="REG_DWORD" hive="HKEY_CURRENT_USER" key="Software\Microsoft\Windows\CurrentVersion\Internet Settings" name="WarnOnPostRedirect" value="00000001"/></Properties></IE10>
</InternetSettings>
