<?xml version="1.0" encoding="utf-8"?><!-- Copyright (c) Microsoft Corporation.  All rights reserved. --><GroupPolicyBackupScheme bkp:version="2.0" bkp:type="GroupPolicyBackupTemplate" xmlns:bkp="http://www.microsoft.com/GroupPolicy/GPOOperations" xmlns="http://www.microsoft.com/GroupPolicy/GPOOperations">
    <GroupPolicyObject><SecurityGroups><Group bkp:Source="FromDACL"><Sid><![CDATA[S-1-5-21-1685940981-4237120101-4141177119-519]]></Sid><SamAccountName><![CDATA[Enterprise Admins]]></SamAccountName><Type><![CDATA[UniversalGroup]]></Type><NetBIOSDomainName><![CDATA[MLOCIXELLES]]></NetBIOSDomainName><DnsDomainName><![CDATA[MLOCIXELLES.LOCAL]]></DnsDomainName><UPN><![CDATA[Enterprise Admins@MLOCIXELLES.LOCAL]]></UPN></Group><Group bkp:Source="FromDACL"><Sid><![CDATA[S-1-5-21-1685940981-4237120101-4141177119-512]]></Sid><SamAccountName><![CDATA[Domain Admins]]></SamAccountName><Type><![CDATA[GlobalGroup]]></Type><NetBIOSDomainName><![CDATA[MLOCIXELLES]]></NetBIOSDomainName><DnsDomainName><![CDATA[MLOCIXELLES.LOCAL]]></DnsDomainName><UPN><![CDATA[Domain Admins@MLOCIXELLES.LOCAL]]></UPN></Group></SecurityGroups><FilePaths/><GroupPolicyCoreSettings><ID><![CDATA[{13FC7AF8-6755-47B6-BAB0-6FE4DA26AEE3}]]></ID><Domain><![CDATA[MLOCIXELLES.LOCAL]]></Domain><SecurityDescriptor>01 00 04 9c 00 00 00 00 00 00 00 00 00 00 00 00 14 00 00 00 04 00 38 01 09 00 00 00 06 00 38 00 00 01 00 00 01 00 00 00 8f fd ac ed b3 ff d1 11 b4 1d 00 a0 c9 68 f9 39 01 05 00 00 00 00 00 05 15 00 00 00 f5 6a 7d 64 65 52 8d fc 1f 59 d5 f6 00 02 00 00 06 00 38 00 00 01 00 00 01 00 00 00 8f fd ac ed b3 ff d1 11 b4 1d 00 a0 c9 68 f9 39 01 05 00 00 00 00 00 05 15 00 00 00 f5 6a 7d 64 65 52 8d fc 1f 59 d5 f6 07 02 00 00 05 02 28 00 00 01 00 00 01 00 00 00 8f fd ac ed b3 ff d1 11 b4 1d 00 a0 c9 68 f9 39 01 01 00 00 00 00 00 05 0b 00 00 00 00 02 24 00 ff 00 0f 00 01 05 00 00 00 00 00 05 15 00 00 00 f5 6a 7d 64 65 52 8d fc 1f 59 d5 f6 00 02 00 00 00 02 24 00 ff 00 0f 00 01 05 00 00 00 00 00 05 15 00 00 00 f5 6a 7d 64 65 52 8d fc 1f 59 d5 f6 07 02 00 00 00 02 14 00 94 00 02 00 01 01 00 00 00 00 00 05 09 00 00 00 00 02 14 00 94 00 02 00 01 01 00 00 00 00 00 05 0b 00 00 00 00 02 14 00 ff 00 0f 00 01 01 00 00 00 00 00 05 12 00 00 00 00 0a 14 00 ff 00 0f 00 01 01 00 00 00 00 00 03 00 00 00 00</SecurityDescriptor><DisplayName><![CDATA[Cloud 2.0_BEWAN_Main]]></DisplayName><Options><![CDATA[0]]></Options><UserVersionNumber><![CDATA[65537]]></UserVersionNumber><MachineVersionNumber><![CDATA[1638425]]></MachineVersionNumber><MachineExtensionGuids><![CDATA[[{00000000-0000-0000-0000-000000000000}{BEE07A6A-EC9F-4659-B8C9-0B1937907C83}{CAB54552-DEEA-4691-817E-ED4A4D1AFC72}{CC5746A9-9B74-4BE5-AE2E-64379C86E0E4}][{35378EAC-683F-11D2-A89A-00C04FBBCFA2}{D02B1F72-3407-48AE-BA88-E8213C6761F1}][{827D319E-6EAC-11D2-A4EA-00C04F79F83A}{803E14A0-B4FB-11D0-A0D0-00A0C90F574B}][{91FBB303-0CD5-4055-BF42-E512A681B325}{CC5746A9-9B74-4BE5-AE2E-64379C86E0E4}][{AADCED64-746C-4633-A97C-D61349046527}{CAB54552-DEEA-4691-817E-ED4A4D1AFC72}][{B087BE9D-ED37-454F-AF9C-04291E351182}{BEE07A6A-EC9F-4659-B8C9-0B1937907C83}][{C631DF4C-088F-4156-B058-4375F0853CD8}{D02B1F72-3407-48AE-BA88-E8213C6761F1}]]]></MachineExtensionGuids><UserExtensionGuids><![CDATA[[{00000000-0000-0000-0000-000000000000}{3BAE7E51-E3F4-41D0-853D-9BB9FD47605F}{5C935941-A954-4F7C-B507-885941ECE5C4}{BEE07A6A-EC9F-4659-B8C9-0B1937907C83}][{35378EAC-683F-11D2-A89A-00C04FBBCFA2}{D02B1F73-3407-48AE-BA88-E8213C6761F1}][{7150F9BF-48AD-4DA4-A49C-29EF4A8369BA}{3BAE7E51-E3F4-41D0-853D-9BB9FD47605F}][{B087BE9D-ED37-454F-AF9C-04291E351182}{BEE07A6A-EC9F-4659-B8C9-0B1937907C83}][{E47248BA-94CC-49C4-BBB5-9EB7F05183D0}{5C935941-A954-4F7C-B507-885941ECE5C4}]]]></UserExtensionGuids><WMIFilter/></GroupPolicyCoreSettings> 
        <GroupPolicyExtension bkp:ID="{35378EAC-683F-11D2-A89A-00C04FBBCFA2}" bkp:DescName="Registry">
            <FSObjectFile bkp:Path="%GPO_MACH_FSPATH%\registry.pol" bkp:SourceExpandedPath="\\MLOC-DC.MLOCIXELLES.LOCAL\sysvol\MLOCIXELLES.LOCAL\Policies\{13FC7AF8-6755-47B6-BAB0-6FE4DA26AEE3}\Machine\registry.pol" bkp:Location="DomainSysvol\GPO\Machine\registry.pol"/>
            <FSObjectFile bkp:Path="%GPO_USER_FSPATH%\registry.pol" bkp:SourceExpandedPath="\\MLOC-DC.MLOCIXELLES.LOCAL\sysvol\MLOCIXELLES.LOCAL\Policies\{13FC7AF8-6755-47B6-BAB0-6FE4DA26AEE3}\User\registry.pol" bkp:Location="DomainSysvol\GPO\User\registry.pol"/>
            <FSObjectFile bkp:Path="%GPO_FSPATH%\Adm\*.*" bkp:SourceExpandedPath="\\MLOC-DC.MLOCIXELLES.LOCAL\sysvol\MLOCIXELLES.LOCAL\Policies\{13FC7AF8-6755-47B6-BAB0-6FE4DA26AEE3}\Adm\*.*"/>
        </GroupPolicyExtension>
        
        
        
        
        <GroupPolicyExtension bkp:ID="{827D319E-6EAC-11D2-A4EA-00C04F79F83A}" bkp:DescName="Security">
            <FSObjectFile bkp:Path="%GPO_MACH_FSPATH%\microsoft\windows nt\SecEdit\GptTmpl.inf" bkp:SourceExpandedPath="\\MLOC-DC.MLOCIXELLES.LOCAL\sysvol\MLOCIXELLES.LOCAL\Policies\{13FC7AF8-6755-47B6-BAB0-6FE4DA26AEE3}\Machine\microsoft\windows nt\SecEdit\GptTmpl.inf" bkp:ReEvaluateFunction="SecurityValidateSettings" bkp:Location="DomainSysvol\GPO\Machine\microsoft\windows nt\SecEdit\GptTmpl.inf"/>
        </GroupPolicyExtension>
        
        
        
        
    <GroupPolicyExtension bkp:ID="{F15C46CD-82A0-4C2D-A210-5D0D3182A418}" bkp:DescName="Unknown Extension"><FSObjectDir bkp:Path="%GPO_MACH_FSPATH%\Applications" bkp:SourceExpandedPath="\\MLOC-DC.MLOCIXELLES.LOCAL\sysvol\MLOCIXELLES.LOCAL\Policies\{13FC7AF8-6755-47B6-BAB0-6FE4DA26AEE3}\Machine\Applications" bkp:Location="DomainSysvol\GPO\Machine\Applications"/><FSObjectFile bkp:Path="%GPO_MACH_FSPATH%\comment.cmtx" bkp:SourceExpandedPath="\\MLOC-DC.MLOCIXELLES.LOCAL\sysvol\MLOCIXELLES.LOCAL\Policies\{13FC7AF8-6755-47B6-BAB0-6FE4DA26AEE3}\Machine\comment.cmtx" bkp:Location="DomainSysvol\GPO\Machine\comment.cmtx"/><FSObjectDir bkp:Path="%GPO_MACH_FSPATH%\microsoft" bkp:SourceExpandedPath="\\MLOC-DC.MLOCIXELLES.LOCAL\sysvol\MLOCIXELLES.LOCAL\Policies\{13FC7AF8-6755-47B6-BAB0-6FE4DA26AEE3}\Machine\microsoft" bkp:Location="DomainSysvol\GPO\Machine\microsoft"/><FSObjectDir bkp:Path="%GPO_MACH_FSPATH%\microsoft\windows nt" bkp:SourceExpandedPath="\\MLOC-DC.MLOCIXELLES.LOCAL\sysvol\MLOCIXELLES.LOCAL\Policies\{13FC7AF8-6755-47B6-BAB0-6FE4DA26AEE3}\Machine\microsoft\windows nt" bkp:Location="DomainSysvol\GPO\Machine\microsoft\windows nt"/><FSObjectDir bkp:Path="%GPO_MACH_FSPATH%\microsoft\windows nt\SecEdit" bkp:SourceExpandedPath="\\MLOC-DC.MLOCIXELLES.LOCAL\sysvol\MLOCIXELLES.LOCAL\Policies\{13FC7AF8-6755-47B6-BAB0-6FE4DA26AEE3}\Machine\microsoft\windows nt\SecEdit" bkp:Location="DomainSysvol\GPO\Machine\microsoft\windows nt\SecEdit"/><FSObjectDir bkp:Path="%GPO_MACH_FSPATH%\Preferences" bkp:SourceExpandedPath="\\MLOC-DC.MLOCIXELLES.LOCAL\sysvol\MLOCIXELLES.LOCAL\Policies\{13FC7AF8-6755-47B6-BAB0-6FE4DA26AEE3}\Machine\Preferences" bkp:Location="DomainSysvol\GPO\Machine\Preferences"/><FSObjectDir bkp:Path="%GPO_MACH_FSPATH%\Preferences\PowerOptions" bkp:SourceExpandedPath="\\MLOC-DC.MLOCIXELLES.LOCAL\sysvol\MLOCIXELLES.LOCAL\Policies\{13FC7AF8-6755-47B6-BAB0-6FE4DA26AEE3}\Machine\Preferences\PowerOptions" bkp:Location="DomainSysvol\GPO\Machine\Preferences\PowerOptions"/><FSObjectDir bkp:Path="%GPO_MACH_FSPATH%\Preferences\Registry" bkp:SourceExpandedPath="\\MLOC-DC.MLOCIXELLES.LOCAL\sysvol\MLOCIXELLES.LOCAL\Policies\{13FC7AF8-6755-47B6-BAB0-6FE4DA26AEE3}\Machine\Preferences\Registry" bkp:Location="DomainSysvol\GPO\Machine\Preferences\Registry"/><FSObjectFile bkp:Path="%GPO_MACH_FSPATH%\Preferences\Registry\Registry.xml" bkp:SourceExpandedPath="\\MLOC-DC.MLOCIXELLES.LOCAL\sysvol\MLOCIXELLES.LOCAL\Policies\{13FC7AF8-6755-47B6-BAB0-6FE4DA26AEE3}\Machine\Preferences\Registry\Registry.xml" bkp:Location="DomainSysvol\GPO\Machine\Preferences\Registry\Registry.xml"/><FSObjectDir bkp:Path="%GPO_MACH_FSPATH%\Preferences\ScheduledTasks" bkp:SourceExpandedPath="\\MLOC-DC.MLOCIXELLES.LOCAL\sysvol\MLOCIXELLES.LOCAL\Policies\{13FC7AF8-6755-47B6-BAB0-6FE4DA26AEE3}\Machine\Preferences\ScheduledTasks" bkp:Location="DomainSysvol\GPO\Machine\Preferences\ScheduledTasks"/><FSObjectFile bkp:Path="%GPO_MACH_FSPATH%\Preferences\ScheduledTasks\ScheduledTasks.xml" bkp:SourceExpandedPath="\\MLOC-DC.MLOCIXELLES.LOCAL\sysvol\MLOCIXELLES.LOCAL\Policies\{13FC7AF8-6755-47B6-BAB0-6FE4DA26AEE3}\Machine\Preferences\ScheduledTasks\ScheduledTasks.xml" bkp:Location="DomainSysvol\GPO\Machine\Preferences\ScheduledTasks\ScheduledTasks.xml"/><FSObjectDir bkp:Path="%GPO_MACH_FSPATH%\Preferences\Services" bkp:SourceExpandedPath="\\MLOC-DC.MLOCIXELLES.LOCAL\sysvol\MLOCIXELLES.LOCAL\Policies\{13FC7AF8-6755-47B6-BAB0-6FE4DA26AEE3}\Machine\Preferences\Services" bkp:Location="DomainSysvol\GPO\Machine\Preferences\Services"/><FSObjectFile bkp:Path="%GPO_MACH_FSPATH%\Preferences\Services\Services.xml" bkp:SourceExpandedPath="\\MLOC-DC.MLOCIXELLES.LOCAL\sysvol\MLOCIXELLES.LOCAL\Policies\{13FC7AF8-6755-47B6-BAB0-6FE4DA26AEE3}\Machine\Preferences\Services\Services.xml" bkp:Location="DomainSysvol\GPO\Machine\Preferences\Services\Services.xml"/><FSObjectDir bkp:Path="%GPO_MACH_FSPATH%\Scripts" bkp:SourceExpandedPath="\\MLOC-DC.MLOCIXELLES.LOCAL\sysvol\MLOCIXELLES.LOCAL\Policies\{13FC7AF8-6755-47B6-BAB0-6FE4DA26AEE3}\Machine\Scripts" bkp:Location="DomainSysvol\GPO\Machine\Scripts"/><FSObjectDir bkp:Path="%GPO_MACH_FSPATH%\Scripts\Shutdown" bkp:SourceExpandedPath="\\MLOC-DC.MLOCIXELLES.LOCAL\sysvol\MLOCIXELLES.LOCAL\Policies\{13FC7AF8-6755-47B6-BAB0-6FE4DA26AEE3}\Machine\Scripts\Shutdown" bkp:Location="DomainSysvol\GPO\Machine\Scripts\Shutdown"/><FSObjectDir bkp:Path="%GPO_MACH_FSPATH%\Scripts\Startup" bkp:SourceExpandedPath="\\MLOC-DC.MLOCIXELLES.LOCAL\sysvol\MLOCIXELLES.LOCAL\Policies\{13FC7AF8-6755-47B6-BAB0-6FE4DA26AEE3}\Machine\Scripts\Startup" bkp:Location="DomainSysvol\GPO\Machine\Scripts\Startup"/><FSObjectDir bkp:Path="%GPO_USER_FSPATH%\Applications" bkp:SourceExpandedPath="\\MLOC-DC.MLOCIXELLES.LOCAL\sysvol\MLOCIXELLES.LOCAL\Policies\{13FC7AF8-6755-47B6-BAB0-6FE4DA26AEE3}\User\Applications" bkp:Location="DomainSysvol\GPO\User\Applications"/><FSObjectFile bkp:Path="%GPO_USER_FSPATH%\comment.cmtx" bkp:SourceExpandedPath="\\MLOC-DC.MLOCIXELLES.LOCAL\sysvol\MLOCIXELLES.LOCAL\Policies\{13FC7AF8-6755-47B6-BAB0-6FE4DA26AEE3}\User\comment.cmtx" bkp:Location="DomainSysvol\GPO\User\comment.cmtx"/><FSObjectDir bkp:Path="%GPO_USER_FSPATH%\Documents &amp; Settings" bkp:SourceExpandedPath="\\MLOC-DC.MLOCIXELLES.LOCAL\sysvol\MLOCIXELLES.LOCAL\Policies\{13FC7AF8-6755-47B6-BAB0-6FE4DA26AEE3}\User\Documents &amp; Settings" bkp:Location="DomainSysvol\GPO\User\Documents &amp; Settings"/><FSObjectDir bkp:Path="%GPO_USER_FSPATH%\Preferences" bkp:SourceExpandedPath="\\MLOC-DC.MLOCIXELLES.LOCAL\sysvol\MLOCIXELLES.LOCAL\Policies\{13FC7AF8-6755-47B6-BAB0-6FE4DA26AEE3}\User\Preferences" bkp:Location="DomainSysvol\GPO\User\Preferences"/><FSObjectDir bkp:Path="%GPO_USER_FSPATH%\Preferences\Files" bkp:SourceExpandedPath="\\MLOC-DC.MLOCIXELLES.LOCAL\sysvol\MLOCIXELLES.LOCAL\Policies\{13FC7AF8-6755-47B6-BAB0-6FE4DA26AEE3}\User\Preferences\Files" bkp:Location="DomainSysvol\GPO\User\Preferences\Files"/><FSObjectFile bkp:Path="%GPO_USER_FSPATH%\Preferences\Files\Files.xml" bkp:SourceExpandedPath="\\MLOC-DC.MLOCIXELLES.LOCAL\sysvol\MLOCIXELLES.LOCAL\Policies\{13FC7AF8-6755-47B6-BAB0-6FE4DA26AEE3}\User\Preferences\Files\Files.xml" bkp:Location="DomainSysvol\GPO\User\Preferences\Files\Files.xml"/><FSObjectDir bkp:Path="%GPO_USER_FSPATH%\Preferences\InternetSettings" bkp:SourceExpandedPath="\\MLOC-DC.MLOCIXELLES.LOCAL\sysvol\MLOCIXELLES.LOCAL\Policies\{13FC7AF8-6755-47B6-BAB0-6FE4DA26AEE3}\User\Preferences\InternetSettings" bkp:Location="DomainSysvol\GPO\User\Preferences\InternetSettings"/><FSObjectFile bkp:Path="%GPO_USER_FSPATH%\Preferences\InternetSettings\InternetSettings.xml" bkp:SourceExpandedPath="\\MLOC-DC.MLOCIXELLES.LOCAL\sysvol\MLOCIXELLES.LOCAL\Policies\{13FC7AF8-6755-47B6-BAB0-6FE4DA26AEE3}\User\Preferences\InternetSettings\InternetSettings.xml" bkp:Location="DomainSysvol\GPO\User\Preferences\InternetSettings\InternetSettings.xml"/><FSObjectDir bkp:Path="%GPO_USER_FSPATH%\Preferences\Registry" bkp:SourceExpandedPath="\\MLOC-DC.MLOCIXELLES.LOCAL\sysvol\MLOCIXELLES.LOCAL\Policies\{13FC7AF8-6755-47B6-BAB0-6FE4DA26AEE3}\User\Preferences\Registry" bkp:Location="DomainSysvol\GPO\User\Preferences\Registry"/><FSObjectFile bkp:Path="%GPO_USER_FSPATH%\Preferences\Registry\Registry.xml" bkp:SourceExpandedPath="\\MLOC-DC.MLOCIXELLES.LOCAL\sysvol\MLOCIXELLES.LOCAL\Policies\{13FC7AF8-6755-47B6-BAB0-6FE4DA26AEE3}\User\Preferences\Registry\Registry.xml" bkp:Location="DomainSysvol\GPO\User\Preferences\Registry\Registry.xml"/><FSObjectDir bkp:Path="%GPO_USER_FSPATH%\Scripts" bkp:SourceExpandedPath="\\MLOC-DC.MLOCIXELLES.LOCAL\sysvol\MLOCIXELLES.LOCAL\Policies\{13FC7AF8-6755-47B6-BAB0-6FE4DA26AEE3}\User\Scripts" bkp:Location="DomainSysvol\GPO\User\Scripts"/><FSObjectDir bkp:Path="%GPO_USER_FSPATH%\Scripts\Logoff" bkp:SourceExpandedPath="\\MLOC-DC.MLOCIXELLES.LOCAL\sysvol\MLOCIXELLES.LOCAL\Policies\{13FC7AF8-6755-47B6-BAB0-6FE4DA26AEE3}\User\Scripts\Logoff" bkp:Location="DomainSysvol\GPO\User\Scripts\Logoff"/><FSObjectDir bkp:Path="%GPO_USER_FSPATH%\Scripts\Logon" bkp:SourceExpandedPath="\\MLOC-DC.MLOCIXELLES.LOCAL\sysvol\MLOCIXELLES.LOCAL\Policies\{13FC7AF8-6755-47B6-BAB0-6FE4DA26AEE3}\User\Scripts\Logon" bkp:Location="DomainSysvol\GPO\User\Scripts\Logon"/></GroupPolicyExtension></GroupPolicyObject>
</GroupPolicyBackupScheme>