<BackupInst xmlns="http://www.microsoft.com/GroupPolicy/GPOOperations/Manifest"><GPOGuid><![CDATA[{13FC7AF8-6755-47B6-BAB0-6FE4DA26AEE3}]]></GPOGuid><GPODomain><![CDATA[MLOCIXELLES.LOCAL]]></GPODomain><GPODomainGuid><![CDATA[{9ae2b7fd-85dd-4e4f-a3b1-7c9bc94164af}]]></GPODomainGuid><GPODomainController><![CDATA[MLOC-DC.MLOCIXELLES.LOCAL]]></GPODomainController><BackupTime><![CDATA[2019-09-04T10:53:26]]></BackupTime><ID><![CDATA[{207111A0-4352-406F-A003-E5BEA7A93186}]]></ID><Comment><![CDATA[]]></Comment><GPODisplayName><![CDATA[Cloud 2.0_BEWAN_Main]]></GPODisplayName></BackupInst>
