<?xml version="1.0" encoding="utf-8"?>
<RegistrySettings clsid="{A3CCFC41-DFDB-43a5-8D26-0FE8B954DA51}"><Registry clsid="{9CD4B2F4-923D-47f5-A062-E897DD1DAD50}" name="HardwareAccelerationModeEnabled" status="HardwareAccelerationModeEnabled" image="12" changed="2019-02-12 15:38:29" uid="{222D29A0-87DA-49A9-B5ED-EF200E855F60}"><Properties action="U" displayDecimal="1" default="0" hive="HKEY_LOCAL_MACHINE" key="SOFTWARE\Policies\Google\Chrome\" name="HardwareAccelerationModeEnabled" type="REG_DWORD" value="00000000"/></Registry>
	<Registry clsid="{9CD4B2F4-923D-47f5-A062-E897DD1DAD50}" name="ChromeCleanupEnabled" status="ChromeCleanupEnabled" image="12" changed="2019-12-13 11:21:12" uid="{E9CDBEA8-9469-42B1-96F6-572144FAF48A}"><Properties action="U" displayDecimal="0" default="0" hive="HKEY_LOCAL_MACHINE" key="SOFTWARE\Policies\Google\Chrome" name="ChromeCleanupEnabled" type="REG_DWORD" value="00000000"/></Registry>
	<Registry clsid="{9CD4B2F4-923D-47f5-A062-E897DD1DAD50}" name="ChromeCleanupReportingEnabled" status="ChromeCleanupReportingEnabled" image="12" changed="2019-12-13 11:21:43" uid="{CD8A124D-3FF9-4331-A69B-ED1AB674CDD8}"><Properties action="U" displayDecimal="0" default="0" hive="HKEY_LOCAL_MACHINE" key="SOFTWARE\Policies\Google\Chrome" name="ChromeCleanupReportingEnabled" type="REG_DWORD" value="00000000"/></Registry>
</RegistrySettings>
