<BackupInst xmlns="http://www.microsoft.com/GroupPolicy/GPOOperations/Manifest"><GPOGuid><![CDATA[{86838EA2-64FA-4965-9AF3-5CB5A5D4C2EC}]]></GPOGuid><GPODomain><![CDATA[bedimo.local]]></GPODomain><GPODomainGuid><![CDATA[{fd95c161-f966-4bf0-80bd-b238475df364}]]></GPODomainGuid><GPODomainController><![CDATA[BED-CM-DC01.bedimo.local]]></GPODomainController><BackupTime><![CDATA[2019-07-03T09:56:37]]></BackupTime><ID><![CDATA[{BD04A8DC-1C5A-4F7E-B4AB-E22F33195052}]]></ID><Comment><![CDATA[Cloud 2.0_BEWAN_Language_EN]]></Comment><GPODisplayName><![CDATA[Cloud 2.0_BEWAN_Language_EN]]></GPODisplayName></BackupInst>
