<Backups xmlns="http://www.microsoft.com/GroupPolicy/GPOOperations/Manifest" xmlns:mfst="http://www.microsoft.com/GroupPolicy/GPOOperations/Manifest" mfst:version="1.0"><BackupInst><GPOGuid><![CDATA[{D515F52D-7C8B-4E75-8B8D-0BCF64A7B317}]]></GPOGuid><GPODomain><![CDATA[bedimo.local]]></GPODomain><GPODomainGuid><![CDATA[{fd95c161-f966-4bf0-80bd-b238475df364}]]></GPODomainGuid><GPODomainController><![CDATA[BED-CM-DC01.bedimo.local]]></GPODomainController><BackupTime><![CDATA[2019-10-07T11:45:32]]></BackupTime><ID><![CDATA[{02B71D4B-F8AA-4BCF-9932-BDE6A3D6B835}]]></ID><Comment><![CDATA[Cloud 2.0_BEWAN_O365]]></Comment><GPODisplayName><![CDATA[Cloud 2.0_BEWAN_O365]]></GPODisplayName></BackupInst></Backups>