<?xml version="1.0" encoding="utf-8"?>
<EnvironmentVariables clsid="{BF141A63-327B-438a-B9BF-2C188F13B7AD}"><EnvironmentVariable clsid="{78570023-8373-4a19-BA80-2F150738EA19}" name="TEMP" status="TEMP = C:\Temp\%USERNAME%" image="2" changed="2019-05-22 19:39:10" uid="{0A7F7489-1A76-4168-ABB9-AD1F9ECDBDC9}" userContext="1" bypassErrors="1"><Properties action="U" name="TEMP" value="C:\Temp\%USERNAME%" user="1" partial="0"/><Filters/></EnvironmentVariable>
	<EnvironmentVariable clsid="{78570023-8373-4a19-BA80-2F150738EA19}" name="TMP" status="TMP = C:\Temp\%USERNAME%" image="2" changed="2019-05-22 19:39:16" uid="{F7D16F4C-9ACD-4F8D-9E53-521FC0BB847E}" userContext="1" bypassErrors="1"><Properties action="U" name="TMP" value="C:\Temp\%USERNAME%" user="1" partial="0"/><Filters/></EnvironmentVariable>
</EnvironmentVariables>
