<?xml version="1.0" encoding="utf-8"?><!-- Copyright (c) Microsoft Corporation.  All rights reserved. --><GroupPolicyBackupScheme bkp:version="2.0" bkp:type="GroupPolicyBackupTemplate" xmlns:bkp="http://www.microsoft.com/GroupPolicy/GPOOperations" xmlns="http://www.microsoft.com/GroupPolicy/GPOOperations">
    <GroupPolicyObject><SecurityGroups><Group bkp:Source="FromDACL"><Sid><![CDATA[S-1-5-21-1199597427-2136517093-2797780607-519]]></Sid><SamAccountName><![CDATA[Enterprise Admins]]></SamAccountName><Type><![CDATA[UniversalGroup]]></Type><NetBIOSDomainName><![CDATA[UNIFE]]></NetBIOSDomainName><DnsDomainName><![CDATA[unife.local]]></DnsDomainName><UPN><![CDATA[Enterprise Admins@unife.local]]></UPN></Group><Group bkp:Source="FromDACL"><Sid><![CDATA[S-1-5-21-1199597427-2136517093-2797780607-512]]></Sid><SamAccountName><![CDATA[Domain Admins]]></SamAccountName><Type><![CDATA[GlobalGroup]]></Type><NetBIOSDomainName><![CDATA[UNIFE]]></NetBIOSDomainName><DnsDomainName><![CDATA[unife.local]]></DnsDomainName><UPN><![CDATA[Domain Admins@unife.local]]></UPN></Group></SecurityGroups><FilePaths/><GroupPolicyCoreSettings><ID><![CDATA[{F85128FF-2E85-4F9E-832C-C0BCED6F994F}]]></ID><Domain><![CDATA[unife.local]]></Domain><SecurityDescriptor>01 00 04 9c 00 00 00 00 00 00 00 00 00 00 00 00 14 00 00 00 04 00 ec 00 08 00 00 00 05 02 28 00 00 01 00 00 01 00 00 00 8f fd ac ed b3 ff d1 11 b4 1d 00 a0 c9 68 f9 39 01 01 00 00 00 00 00 05 0b 00 00 00 00 00 24 00 ff 00 0f 00 01 05 00 00 00 00 00 05 15 00 00 00 73 67 80 47 e5 a9 58 7f 7f be c2 a6 00 02 00 00 00 02 24 00 ff 00 0f 00 01 05 00 00 00 00 00 05 15 00 00 00 73 67 80 47 e5 a9 58 7f 7f be c2 a6 00 02 00 00 00 02 24 00 ff 00 0f 00 01 05 00 00 00 00 00 05 15 00 00 00 73 67 80 47 e5 a9 58 7f 7f be c2 a6 07 02 00 00 00 02 14 00 94 00 02 00 01 01 00 00 00 00 00 05 09 00 00 00 00 02 14 00 94 00 02 00 01 01 00 00 00 00 00 05 0b 00 00 00 00 02 14 00 ff 00 0f 00 01 01 00 00 00 00 00 05 12 00 00 00 00 0a 14 00 ff 00 0f 00 01 01 00 00 00 00 00 03 00 00 00 00</SecurityDescriptor><DisplayName><![CDATA[Cloud 2.0_BEWAN_Customtemp]]></DisplayName><Options><![CDATA[0]]></Options><UserVersionNumber><![CDATA[1966110]]></UserVersionNumber><MachineVersionNumber><![CDATA[0]]></MachineVersionNumber><MachineExtensionGuids/><UserExtensionGuids><![CDATA[[{00000000-0000-0000-0000-000000000000}{35141B6B-498A-4CC7-AD59-CEF93D89B2CE}][{0E28E245-9368-4853-AD84-6DA3BA35BB75}{35141B6B-498A-4CC7-AD59-CEF93D89B2CE}]]]></UserExtensionGuids><WMIFilter/></GroupPolicyCoreSettings> 
        <GroupPolicyExtension bkp:ID="{35378EAC-683F-11D2-A89A-00C04FBBCFA2}" bkp:DescName="Registry">
            
            
            <FSObjectFile bkp:Path="%GPO_FSPATH%\Adm\*.*" bkp:SourceExpandedPath="\\ICE.unife.local\sysvol\unife.local\Policies\{F85128FF-2E85-4F9E-832C-C0BCED6F994F}\Adm\*.*"/>
        </GroupPolicyExtension>
        
        
        
        
        
        
        
        
        
    <GroupPolicyExtension bkp:ID="{F15C46CD-82A0-4C2D-A210-5D0D3182A418}" bkp:DescName="Unknown Extension"><FSObjectDir bkp:Path="%GPO_USER_FSPATH%\Preferences" bkp:SourceExpandedPath="\\ICE.unife.local\sysvol\unife.local\Policies\{F85128FF-2E85-4F9E-832C-C0BCED6F994F}\User\Preferences" bkp:Location="DomainSysvol\GPO\User\Preferences"/><FSObjectDir bkp:Path="%GPO_USER_FSPATH%\Preferences\EnvironmentVariables" bkp:SourceExpandedPath="\\ICE.unife.local\sysvol\unife.local\Policies\{F85128FF-2E85-4F9E-832C-C0BCED6F994F}\User\Preferences\EnvironmentVariables" bkp:Location="DomainSysvol\GPO\User\Preferences\EnvironmentVariables"/><FSObjectFile bkp:Path="%GPO_USER_FSPATH%\Preferences\EnvironmentVariables\EnvironmentVariables.xml" bkp:SourceExpandedPath="\\ICE.unife.local\sysvol\unife.local\Policies\{F85128FF-2E85-4F9E-832C-C0BCED6F994F}\User\Preferences\EnvironmentVariables\EnvironmentVariables.xml" bkp:Location="DomainSysvol\GPO\User\Preferences\EnvironmentVariables\EnvironmentVariables.xml"/></GroupPolicyExtension></GroupPolicyObject>
</GroupPolicyBackupScheme>