<BackupInst xmlns="http://www.microsoft.com/GroupPolicy/GPOOperations/Manifest"><GPOGuid><![CDATA[{F85128FF-2E85-4F9E-832C-C0BCED6F994F}]]></GPOGuid><GPODomain><![CDATA[unife.local]]></GPODomain><GPODomainGuid><![CDATA[{ca8460c6-788c-4b85-ab4a-74c2c3cbf219}]]></GPODomainGuid><GPODomainController><![CDATA[ICE.unife.local]]></GPODomainController><BackupTime><![CDATA[2019-05-22T19:59:02]]></BackupTime><ID><![CDATA[{BCEB9FBD-363B-4488-9F00-CB6537C9A39F}]]></ID><Comment><![CDATA[Cloud 2.0_BEWAN_Customtemp]]></Comment><GPODisplayName><![CDATA[Cloud 2.0_BEWAN_Customtemp]]></GPODisplayName></BackupInst>
