<?xml version="1.0" encoding="utf-8"?>
<Files clsid="{215B2E53-57CE-475c-80FE-9EEC14635851}"><File clsid="{50BE44C8-567A-4ed1-B1D0-9234FE1F38AF}" name="Administrative Tools.lnk" status="Administrative Tools.lnk" image="3" changed="2019-02-17 18:16:22" uid="{7DDCD9C0-4DF5-488E-8094-49A79511F23E}" bypassErrors="1"><Properties action="D" targetPath="%appdata%\Microsoft\Windows\Start Menu\Programs\System Tools\Administrative Tools.lnk" readOnly="0" archive="1" hidden="0" suppress="1"/><Filters><FilterGroup bool="AND" not="1" name="DECOSTERE\Domain Admins" sid="S-1-5-21-329068152-412668190-682003330-512" userContext="1" primaryGroup="0" localGroup="0"/><FilterRunOnce hidden="1" not="0" bool="AND" id="{782B4319-3046-4344-BB25-5B2F433C095D}"/>
		</Filters></File>
	<File clsid="{50BE44C8-567A-4ed1-B1D0-9234FE1F38AF}" name="Windows PowerShell ISE.lnk" status="Windows PowerShell ISE.lnk" image="3" changed="2019-02-17 18:19:37" uid="{90C166F6-FA2F-4C46-B818-40F959004CFE}" bypassErrors="1"><Properties action="D" targetPath="%AppData%\Microsoft\Windows\Start Menu\Programs\Windows PowerShell\Windows PowerShell ISE.lnk" readOnly="0" archive="1" hidden="0" suppress="1"/><Filters><FilterGroup bool="AND" not="1" name="DECOSTERE\Domain Admins" sid="S-1-5-21-329068152-412668190-682003330-512" userContext="1" primaryGroup="0" localGroup="0"/><FilterRunOnce hidden="1" not="0" bool="AND" id="{3F5F4066-6AC1-4112-B14F-D6B7F775A487}"/>
		</Filters></File>
	<File clsid="{50BE44C8-567A-4ed1-B1D0-9234FE1F38AF}" name="Windows PowerShell.lnk" status="Windows PowerShell.lnk" image="3" changed="2019-02-17 18:20:24" uid="{FB60C1D6-AA5D-4165-89DA-62B0EF83E3B4}" bypassErrors="1"><Properties action="D" targetPath="%AppData%\Microsoft\Windows\Start Menu\Programs\Windows PowerShell\Windows PowerShell.lnk" readOnly="0" archive="1" hidden="0" suppress="1"/><Filters><FilterGroup bool="AND" not="1" name="DECOSTERE\Domain Admins" sid="S-1-5-21-329068152-412668190-682003330-512" userContext="1" primaryGroup="0" localGroup="0"/><FilterRunOnce hidden="1" not="0" bool="AND" id="{E890FC71-F0A8-4B80-8A48-53CB6BA85058}"/>
		</Filters></File>
</Files>
