<Backups xmlns="http://www.microsoft.com/GroupPolicy/GPOOperations/Manifest" xmlns:mfst="http://www.microsoft.com/GroupPolicy/GPOOperations/Manifest" mfst:version="1.0"><BackupInst><GPOGuid><![CDATA[{0DD3532A-D686-4BDF-AF79-B8CD419CA1B1}]]></GPOGuid><GPODomain><![CDATA[bedimo.local]]></GPODomain><GPODomainGuid><![CDATA[{fd95c161-f966-4bf0-80bd-b238475df364}]]></GPODomainGuid><GPODomainController><![CDATA[BED-CM-DC01.bedimo.local]]></GPODomainController><BackupTime><![CDATA[2019-07-03T09:50:46]]></BackupTime><ID><![CDATA[{10186108-0A96-4BFA-A91E-B3A75CD4E8EB}]]></ID><Comment><![CDATA[Cloud 2.0_BEWAN_Main]]></Comment><GPODisplayName><![CDATA[Cloud 2.0_BEWAN_Main]]></GPODisplayName></BackupInst></Backups>