<BackupInst xmlns="http://www.microsoft.com/GroupPolicy/GPOOperations/Manifest"><GPOGuid><![CDATA[{8DA43057-B0B6-4D23-9003-5A835F3ED23B}]]></GPOGuid><GPODomain><![CDATA[decostere.local]]></GPODomain><GPODomainGuid><![CDATA[{913590ef-2331-4cf5-b251-79fc399a2ed3}]]></GPODomainGuid><GPODomainController><![CDATA[DECOS-DCC.decostere.local]]></GPODomainController><BackupTime><![CDATA[2019-03-06T16:13:07]]></BackupTime><ID><![CDATA[{5FCB62E9-8E7B-4228-8343-B04A299EAB41}]]></ID><Comment><![CDATA[BEWAN_Main]]></Comment><GPODisplayName><![CDATA[BEWAN_Main]]></GPODisplayName></BackupInst>
