<BackupInst xmlns="http://www.microsoft.com/GroupPolicy/GPOOperations/Manifest"><GPOGuid><![CDATA[{E328DF66-3966-4218-83E8-23BD3A00F06A}]]></GPOGuid><GPODomain><![CDATA[decostere.local]]></GPODomain><GPODomainGuid><![CDATA[{913590ef-2331-4cf5-b251-79fc399a2ed3}]]></GPODomainGuid><GPODomainController><![CDATA[DECOS-DCC.decostere.local]]></GPODomainController><BackupTime><![CDATA[2019-02-18T06:38:39]]></BackupTime><ID><![CDATA[{E7740EF2-74D4-4680-AFA7-84565C76A272}]]></ID><Comment><![CDATA[BEWAN_Firefox]]></Comment><GPODisplayName><![CDATA[BEWAN_Firefox]]></GPODisplayName></BackupInst>
