<?xml version="1.0" encoding="utf-8"?><!-- Copyright (c) Microsoft Corporation.  All rights reserved. --><GroupPolicyBackupScheme bkp:version="2.0" bkp:type="GroupPolicyBackupTemplate" xmlns:bkp="http://www.microsoft.com/GroupPolicy/GPOOperations" xmlns="http://www.microsoft.com/GroupPolicy/GPOOperations">
    <GroupPolicyObject><SecurityGroups><Group bkp:Source="FromDACL"><Sid><![CDATA[S-1-5-21-3389660340-4291683080-2961919015-512]]></Sid><SamAccountName><![CDATA[Domain Admins]]></SamAccountName><Type><![CDATA[GlobalGroup]]></Type><NetBIOSDomainName><![CDATA[BEWAN]]></NetBIOSDomainName><DnsDomainName><![CDATA[BEWAN.local]]></DnsDomainName><UPN><![CDATA[Domain Admins@BEWAN.local]]></UPN></Group><Group bkp:Source="FromDACL"><Sid><![CDATA[S-1-5-21-3389660340-4291683080-2961919015-519]]></Sid><SamAccountName><![CDATA[Enterprise Admins]]></SamAccountName><Type><![CDATA[UniversalGroup]]></Type><NetBIOSDomainName><![CDATA[BEWAN]]></NetBIOSDomainName><DnsDomainName><![CDATA[BEWAN.local]]></DnsDomainName><UPN><![CDATA[Enterprise Admins@BEWAN.local]]></UPN></Group></SecurityGroups><FilePaths/><GroupPolicyCoreSettings><ID><![CDATA[{081E28F0-0FC0-47F8-99D9-A86D03EB761D}]]></ID><Domain><![CDATA[BEWAN.local]]></Domain><SecurityDescriptor>01 00 04 9c 00 00 00 00 00 00 00 00 00 00 00 00 14 00 00 00 04 00 00 01 08 00 00 00 05 00 38 00 00 01 00 00 01 00 00 00 8f fd ac ed b3 ff d1 11 b4 1d 00 a0 c9 68 f9 39 01 05 00 00 00 00 00 05 15 00 00 00 b4 1c 0a ca 08 e3 cd ff 27 4c 8b b0 00 02 00 00 05 02 28 00 00 01 00 00 01 00 00 00 8f fd ac ed b3 ff d1 11 b4 1d 00 a0 c9 68 f9 39 01 01 00 00 00 00 00 05 0b 00 00 00 00 02 24 00 ff 00 0f 00 01 05 00 00 00 00 00 05 15 00 00 00 b4 1c 0a ca 08 e3 cd ff 27 4c 8b b0 00 02 00 00 00 02 24 00 ff 00 0f 00 01 05 00 00 00 00 00 05 15 00 00 00 b4 1c 0a ca 08 e3 cd ff 27 4c 8b b0 07 02 00 00 00 02 14 00 94 00 02 00 01 01 00 00 00 00 00 05 09 00 00 00 00 02 14 00 94 00 02 00 01 01 00 00 00 00 00 05 0b 00 00 00 00 02 14 00 ff 00 0f 00 01 01 00 00 00 00 00 05 12 00 00 00 00 0a 14 00 ff 00 0f 00 01 01 00 00 00 00 00 03 00 00 00 00</SecurityDescriptor><DisplayName><![CDATA[CLOUD 2.0_BEWAN_Chrome]]></DisplayName><Options><![CDATA[0]]></Options><UserVersionNumber><![CDATA[65537]]></UserVersionNumber><MachineVersionNumber><![CDATA[589833]]></MachineVersionNumber><MachineExtensionGuids><![CDATA[[{00000000-0000-0000-0000-000000000000}{BEE07A6A-EC9F-4659-B8C9-0B1937907C83}][{B087BE9D-ED37-454F-AF9C-04291E351182}{BEE07A6A-EC9F-4659-B8C9-0B1937907C83}]]]></MachineExtensionGuids><UserExtensionGuids><![CDATA[[{35378EAC-683F-11D2-A89A-00C04FBBCFA2}{D02B1F73-3407-48AE-BA88-E8213C6761F1}]]]></UserExtensionGuids><WMIFilter/></GroupPolicyCoreSettings> 
        <GroupPolicyExtension bkp:ID="{35378EAC-683F-11D2-A89A-00C04FBBCFA2}" bkp:DescName="Registry">
            
            <FSObjectFile bkp:Path="%GPO_USER_FSPATH%\registry.pol" bkp:SourceExpandedPath="\\BW-CM-DC01.BEWAN.local\sysvol\BEWAN.local\Policies\{081E28F0-0FC0-47F8-99D9-A86D03EB761D}\User\registry.pol" bkp:Location="DomainSysvol\GPO\User\registry.pol"/>
            <FSObjectFile bkp:Path="%GPO_FSPATH%\Adm\*.*" bkp:SourceExpandedPath="\\BW-CM-DC01.BEWAN.local\sysvol\BEWAN.local\Policies\{081E28F0-0FC0-47F8-99D9-A86D03EB761D}\Adm\*.*"/>
        </GroupPolicyExtension>
        
        
        
        
        
        
        
        
        
    <GroupPolicyExtension bkp:ID="{F15C46CD-82A0-4C2D-A210-5D0D3182A418}" bkp:DescName="Unknown Extension"><FSObjectDir bkp:Path="%GPO_MACH_FSPATH%\Preferences" bkp:SourceExpandedPath="\\BW-CM-DC01.BEWAN.local\sysvol\BEWAN.local\Policies\{081E28F0-0FC0-47F8-99D9-A86D03EB761D}\Machine\Preferences" bkp:Location="DomainSysvol\GPO\Machine\Preferences"/><FSObjectDir bkp:Path="%GPO_MACH_FSPATH%\Preferences\Registry" bkp:SourceExpandedPath="\\BW-CM-DC01.BEWAN.local\sysvol\BEWAN.local\Policies\{081E28F0-0FC0-47F8-99D9-A86D03EB761D}\Machine\Preferences\Registry" bkp:Location="DomainSysvol\GPO\Machine\Preferences\Registry"/><FSObjectFile bkp:Path="%GPO_MACH_FSPATH%\Preferences\Registry\Registry.xml" bkp:SourceExpandedPath="\\BW-CM-DC01.BEWAN.local\sysvol\BEWAN.local\Policies\{081E28F0-0FC0-47F8-99D9-A86D03EB761D}\Machine\Preferences\Registry\Registry.xml" bkp:Location="DomainSysvol\GPO\Machine\Preferences\Registry\Registry.xml"/><FSObjectFile bkp:Path="%GPO_USER_FSPATH%\comment.cmtx" bkp:SourceExpandedPath="\\BW-CM-DC01.BEWAN.local\sysvol\BEWAN.local\Policies\{081E28F0-0FC0-47F8-99D9-A86D03EB761D}\User\comment.cmtx" bkp:Location="DomainSysvol\GPO\User\comment.cmtx"/></GroupPolicyExtension></GroupPolicyObject>
</GroupPolicyBackupScheme>