<BackupInst xmlns="http://www.microsoft.com/GroupPolicy/GPOOperations/Manifest"><GPOGuid><![CDATA[{081E28F0-0FC0-47F8-99D9-A86D03EB761D}]]></GPOGuid><GPODomain><![CDATA[BEWAN.local]]></GPODomain><GPODomainGuid><![CDATA[{5eb80cb8-fa99-4804-864d-1850667ea7c9}]]></GPODomainGuid><GPODomainController><![CDATA[BW-CM-DC01.BEWAN.local]]></GPODomainController><BackupTime><![CDATA[2020-01-26T10:49:31]]></BackupTime><ID><![CDATA[{87F81885-ED91-4C28-8B15-A6BE34EA8A53}]]></ID><Comment><![CDATA[CLOUD 2.0_BEWAN_Chrome]]></Comment><GPODisplayName><![CDATA[CLOUD 2.0_BEWAN_Chrome]]></GPODisplayName></BackupInst>
