<BackupInst xmlns="http://www.microsoft.com/GroupPolicy/GPOOperations/Manifest"><GPOGuid><![CDATA[{99D5BA42-0B77-4823-91EC-B2DBAA080D3B}]]></GPOGuid><GPODomain><![CDATA[decostere.local]]></GPODomain><GPODomainGuid><![CDATA[{913590ef-2331-4cf5-b251-79fc399a2ed3}]]></GPODomainGuid><GPODomainController><![CDATA[DECOS-DCC.decostere.local]]></GPODomainController><BackupTime><![CDATA[2019-02-18T06:38:02]]></BackupTime><ID><![CDATA[{00E54077-B763-4104-B1F6-A38F6E1D983D}]]></ID><Comment><![CDATA[BEWAN_Chrome]]></Comment><GPODisplayName><![CDATA[BEWAN_Chrome]]></GPODisplayName></BackupInst>
