<Backups xmlns="http://www.microsoft.com/GroupPolicy/GPOOperations/Manifest" xmlns:mfst="http://www.microsoft.com/GroupPolicy/GPOOperations/Manifest" mfst:version="1.0"><BackupInst xmlns="http://www.microsoft.com/GroupPolicy/GPOOperations/Manifest"><GPOGuid><![CDATA[{D890EBDC-CE9A-4842-A6D1-8E4E2D804D18}]]></GPOGuid><GPODomain><![CDATA[unife.local]]></GPODomain><GPODomainGuid><![CDATA[{ca8460c6-788c-4b85-ab4a-74c2c3cbf219}]]></GPODomainGuid><GPODomainController><![CDATA[ICE.unife.local]]></GPODomainController><BackupTime><![CDATA[2019-04-28T12:13:48]]></BackupTime><ID><![CDATA[{20443D26-FA85-443A-AAA8-809D497040F3}]]></ID><Comment><![CDATA[Cloud 2.0_BEWAN_Adobe_Acrobat_DC]]></Comment><GPODisplayName><![CDATA[Cloud 2.0_BEWAN_Adobe_Acrobat_DC]]></GPODisplayName></BackupInst></Backups>