<BackupInst xmlns="http://www.microsoft.com/GroupPolicy/GPOOperations/Manifest"><GPOGuid><![CDATA[{7EE9DA12-2228-44B2-8EB2-1BCF1BCEE49D}]]></GPOGuid><GPODomain><![CDATA[unife.local]]></GPODomain><GPODomainGuid><![CDATA[{ca8460c6-788c-4b85-ab4a-74c2c3cbf219}]]></GPODomainGuid><GPODomainController><![CDATA[ICE.unife.local]]></GPODomainController><BackupTime><![CDATA[2019-04-28T12:00:52]]></BackupTime><ID><![CDATA[{B8AA132E-BD41-4452-9C67-E6E9E2D441C7}]]></ID><Comment><![CDATA[Cloud 2.0_BEWAN_Main]]></Comment><GPODisplayName><![CDATA[Cloud 2.0_BEWAN_Main]]></GPODisplayName></BackupInst>
