<BackupInst xmlns="http://www.microsoft.com/GroupPolicy/GPOOperations/Manifest"><GPOGuid><![CDATA[{4C470BFD-29BF-41F3-9508-C4999F5391D4}]]></GPOGuid><GPODomain><![CDATA[decostere.local]]></GPODomain><GPODomainGuid><![CDATA[{913590ef-2331-4cf5-b251-79fc399a2ed3}]]></GPODomainGuid><GPODomainController><![CDATA[DECOS-DCC.decostere.local]]></GPODomainController><BackupTime><![CDATA[2019-08-20T06:54:22]]></BackupTime><ID><![CDATA[{27E8D10A-CA1C-4370-9ED2-15793648236B}]]></ID><Comment><![CDATA[Cloud 2.0_CUSTOMER_DisableCortana]]></Comment><GPODisplayName><![CDATA[CUSTOMER_DisableCortana]]></GPODisplayName></BackupInst>
