<Backups xmlns="http://www.microsoft.com/GroupPolicy/GPOOperations/Manifest" xmlns:mfst="http://www.microsoft.com/GroupPolicy/GPOOperations/Manifest" mfst:version="1.0"><BackupInst><GPOGuid><![CDATA[{D5CCF821-2651-420C-9736-BBDD36B9CC9D}]]></GPOGuid><GPODomain><![CDATA[decostere.local]]></GPODomain><GPODomainGuid><![CDATA[{913590ef-2331-4cf5-b251-79fc399a2ed3}]]></GPODomainGuid><GPODomainController><![CDATA[DECOS-DCC.decostere.local]]></GPODomainController><BackupTime><![CDATA[2019-03-14T20:00:43]]></BackupTime><ID><![CDATA[{9973964F-68FB-446D-8DA5-0D340A060609}]]></ID><Comment><![CDATA[BEWAN_Chrome_NL]]></Comment><GPODisplayName><![CDATA[BEWAN_Chrome_NL]]></GPODisplayName></BackupInst></Backups>