<?xml version="1.0" encoding="utf-8"?>
<ScheduledTasks clsid="{CC63F200-7309-4ba0-B154-A71CD118DBCC}"><TaskV2 clsid="{D8896631-B747-47a7-84A6-C155337F3BC8}" name="Reboot" image="2" changed="2019-02-17 16:12:08" uid="{1A4BB308-C1CF-4F0A-B5FE-87C208436074}" userContext="0" removePolicy="0"><Properties action="U" name="Reboot" runAs="NT AUTHORITY\System" logonType="S4U"><Task version="1.3"><RegistrationInfo><Author>BEWAN\administrator</Author><Description></Description></RegistrationInfo><Principals><Principal id="Author"><UserId>NT AUTHORITY\System</UserId><LogonType>S4U</LogonType><RunLevel>HighestAvailable</RunLevel></Principal></Principals><Settings><IdleSettings><Duration>PT5M</Duration><WaitTimeout>PT1H</WaitTimeout><StopOnIdleEnd>false</StopOnIdleEnd><RestartOnIdle>false</RestartOnIdle></IdleSettings><MultipleInstancesPolicy>IgnoreNew</MultipleInstancesPolicy><DisallowStartIfOnBatteries>false</DisallowStartIfOnBatteries><StopIfGoingOnBatteries>false</StopIfGoingOnBatteries><AllowHardTerminate>false</AllowHardTerminate><AllowStartOnDemand>true</AllowStartOnDemand><Enabled>true</Enabled><Hidden>true</Hidden><ExecutionTimeLimit>PT1H</ExecutionTimeLimit><Priority>7</Priority></Settings><Triggers><CalendarTrigger><StartBoundary>2019-02-17T05:00:00</StartBoundary><Enabled>true</Enabled><ScheduleByWeek><WeeksInterval>1</WeeksInterval><DaysOfWeek><Monday/></DaysOfWeek></ScheduleByWeek></CalendarTrigger>
				</Triggers><Actions Context="Author"><Exec><Command>powershell</Command><Arguments>Restart-Computer -Force</Arguments></Exec>
				</Actions></Task></Properties></TaskV2>
</ScheduledTasks>
