<BackupInst xmlns="http://www.microsoft.com/GroupPolicy/GPOOperations/Manifest"><GPOGuid><![CDATA[{279370DB-B6C0-4DAC-9AD6-80164BC261F1}]]></GPOGuid><GPODomain><![CDATA[bedimo.local]]></GPODomain><GPODomainGuid><![CDATA[{fd95c161-f966-4bf0-80bd-b238475df364}]]></GPODomainGuid><GPODomainController><![CDATA[BED-CM-DC01.bedimo.local]]></GPODomainController><BackupTime><![CDATA[2019-07-03T09:54:09]]></BackupTime><ID><![CDATA[{2468DACB-1313-4EE4-A94E-DE119FA15CBD}]]></ID><Comment><![CDATA[Cloud 2.0_BEWAN_Language_FR]]></Comment><GPODisplayName><![CDATA[Cloud 2.0_BEWAN_Language_FR]]></GPODisplayName></BackupInst>
