<?xml version="1.0" encoding="utf-8"?>
<Files clsid="{215B2E53-57CE-475c-80FE-9EEC14635851}"><File clsid="{50BE44C8-567A-4ed1-B1D0-9234FE1F38AF}" name="Administrative Tools.lnk" status="Administrative Tools.lnk" image="3" changed="2019-04-28 11:59:35" uid="{F2B42549-BBAF-4622-AEA8-4C4F6EC8D051}" bypassErrors="1"><Properties action="D" targetPath="%appdata%\Microsoft\Windows\Start Menu\Programs\System Tools\Administrative Tools.lnk" readOnly="0" archive="1" hidden="0" suppress="1"/><Filters><FilterRunOnce hidden="1" not="0" bool="AND" id="{782B4319-3046-4344-BB25-5B2F433C095D}"/>
			<FilterGroup bool="AND" not="1" name="UNIFE\Domain Admins" sid="S-1-5-21-1199597427-2136517093-2797780607-512" userContext="1" primaryGroup="0" localGroup="0"/></Filters></File>
	<File clsid="{50BE44C8-567A-4ed1-B1D0-9234FE1F38AF}" name="Windows PowerShell ISE.lnk" status="Windows PowerShell ISE.lnk" image="3" changed="2019-04-28 11:59:52" uid="{FFCB8938-2784-412F-97A2-6F87712A9B28}" bypassErrors="1"><Properties action="D" targetPath="%AppData%\Microsoft\Windows\Start Menu\Programs\Windows PowerShell\Windows PowerShell ISE.lnk" readOnly="0" archive="1" hidden="0" suppress="1"/><Filters><FilterRunOnce hidden="1" not="0" bool="AND" id="{3F5F4066-6AC1-4112-B14F-D6B7F775A487}"/>
			<FilterGroup bool="AND" not="1" name="UNIFE\Domain Admins" sid="S-1-5-21-1199597427-2136517093-2797780607-512" userContext="1" primaryGroup="0" localGroup="0"/></Filters></File>
	<File clsid="{50BE44C8-567A-4ed1-B1D0-9234FE1F38AF}" name="Windows PowerShell.lnk" status="Windows PowerShell.lnk" image="3" changed="2019-04-28 12:00:06" uid="{8EC77C4A-6A6F-4CE2-975E-F5DA33628D92}" bypassErrors="1"><Properties action="D" targetPath="%AppData%\Microsoft\Windows\Start Menu\Programs\Windows PowerShell\Windows PowerShell.lnk" readOnly="0" archive="1" hidden="0" suppress="1"/><Filters><FilterRunOnce hidden="1" not="0" bool="AND" id="{E890FC71-F0A8-4B80-8A48-53CB6BA85058}"/>
			<FilterGroup bool="AND" not="1" name="UNIFE\Domain Admins" sid="S-1-5-21-1199597427-2136517093-2797780607-512" userContext="1" primaryGroup="0" localGroup="0"/></Filters></File>
</Files>
