<BackupInst xmlns="http://www.microsoft.com/GroupPolicy/GPOOperations/Manifest"><GPOGuid><![CDATA[{5784EFC0-462F-4BA1-81BA-FD42ADBE4EAC}]]></GPOGuid><GPODomain><![CDATA[decostere.local]]></GPODomain><GPODomainGuid><![CDATA[{913590ef-2331-4cf5-b251-79fc399a2ed3}]]></GPODomainGuid><GPODomainController><![CDATA[DECOS-DCC.decostere.local]]></GPODomainController><BackupTime><![CDATA[2019-02-18T06:35:57]]></BackupTime><ID><![CDATA[{13845512-E260-4C7A-9C74-04A636941281}]]></ID><Comment><![CDATA[BEWAN_Adobe_Acrobat]]></Comment><GPODisplayName><![CDATA[BEWAN_Adobe_Acrobat]]></GPODisplayName></BackupInst>
