<BackupInst xmlns="http://www.microsoft.com/GroupPolicy/GPOOperations/Manifest"><GPOGuid><![CDATA[{086135DD-5DCB-47FB-8C33-46A9DD6315F9}]]></GPOGuid><GPODomain><![CDATA[bedimo.local]]></GPODomain><GPODomainGuid><![CDATA[{fd95c161-f966-4bf0-80bd-b238475df364}]]></GPODomainGuid><GPODomainController><![CDATA[BED-CM-DC01.bedimo.local]]></GPODomainController><BackupTime><![CDATA[2019-05-07T13:45:23]]></BackupTime><ID><![CDATA[{21253183-7C93-40E5-885C-164737670633}]]></ID><Comment><![CDATA[Cloud 2.0_BEWAN_Chrome_FR]]></Comment><GPODisplayName><![CDATA[Cloud 2.0_BEWAN_Chrome_FR]]></GPODisplayName></BackupInst>
