<BackupInst xmlns="http://www.microsoft.com/GroupPolicy/GPOOperations/Manifest"><GPOGuid><![CDATA[{38CAE3A1-952B-4EEC-9F11-56A88F7841DE}]]></GPOGuid><GPODomain><![CDATA[bedimo.local]]></GPODomain><GPODomainGuid><![CDATA[{fd95c161-f966-4bf0-80bd-b238475df364}]]></GPODomainGuid><GPODomainController><![CDATA[BED-CM-DC01.bedimo.local]]></GPODomainController><BackupTime><![CDATA[2019-05-07T13:51:17]]></BackupTime><ID><![CDATA[{CA3D17D0-14D9-494A-9EB2-A237F87A01FE}]]></ID><Comment><![CDATA[Cloud 2.0_BEWAN_Chrome_EN]]></Comment><GPODisplayName><![CDATA[Cloud 2.0_BEWAN_Chrome_EN]]></GPODisplayName></BackupInst>
