<?xml version="1.0" encoding="utf-8"?>
<RegistrySettings clsid="{A3CCFC41-DFDB-43a5-8D26-0FE8B954DA51}"><Registry clsid="{9CD4B2F4-923D-47f5-A062-E897DD1DAD50}" name="DisableNetworkProjector " status="DisableNetworkProjector " image="12" changed="2019-02-12 15:11:13" uid="{8AA7B5F2-266C-4353-B669-FE29CA6EEFAF}"><Properties action="U" displayDecimal="1" default="0" hive="HKEY_LOCAL_MACHINE" key="SOFTWARE\Policies\Microsoft\NetworkProjector" name="DisableNetworkProjector " type="REG_DWORD" value="00000001"/></Registry>
	<Collection clsid="{53B533F5-224C-47e3-B01B-CA3B3F3FF4BF}" name="FairShare"><Registry clsid="{9CD4B2F4-923D-47f5-A062-E897DD1DAD50}" name="EnableFairShare" status="EnableFairShare" image="12" changed="2019-02-14 21:36:39" uid="{235802FF-1473-490A-8926-96F65D8C97F5}"><Properties action="U" displayDecimal="1" default="0" hive="HKEY_LOCAL_MACHINE" key="SYSTEM\CurrentControlSet\Services\TSFairShare\Disk" name="EnableFairShare" type="REG_DWORD" value="00000000"/></Registry>
		<Registry clsid="{9CD4B2F4-923D-47f5-A062-E897DD1DAD50}" name="EnableFairShare" status="EnableFairShare" image="12" changed="2019-02-14 21:37:03" uid="{82F245D4-10CA-4D65-ABFD-901B59DC4BC8}"><Properties action="U" displayDecimal="1" default="0" hive="HKEY_LOCAL_MACHINE" key="SYSTEM\CurrentControlSet\Services\TSFairShare\NetFS" name="EnableFairShare" type="REG_DWORD" value="00000000"/></Registry>
	</Collection>
</RegistrySettings>
