<?xml version="1.0" encoding="utf-8"?><!-- Copyright (c) Microsoft Corporation.  All rights reserved. --><GroupPolicyBackupScheme bkp:version="2.0" bkp:type="GroupPolicyBackupTemplate" xmlns:bkp="http://www.microsoft.com/GroupPolicy/GPOOperations" xmlns="http://www.microsoft.com/GroupPolicy/GPOOperations">
    <GroupPolicyObject><SecurityGroups><Group bkp:Source="FromDACL"><Sid><![CDATA[S-1-5-21-1439568333-2714917990-1609921644-519]]></Sid><SamAccountName><![CDATA[Enterprise Admins]]></SamAccountName><Type><![CDATA[UniversalGroup]]></Type><NetBIOSDomainName><![CDATA[BEDIMO]]></NetBIOSDomainName><DnsDomainName><![CDATA[bedimo.local]]></DnsDomainName><UPN><![CDATA[Enterprise Admins@bedimo.local]]></UPN></Group><Group bkp:Source="FromDACL"><Sid><![CDATA[S-1-5-21-1439568333-2714917990-1609921644-512]]></Sid><SamAccountName><![CDATA[Domain Admins]]></SamAccountName><Type><![CDATA[GlobalGroup]]></Type><NetBIOSDomainName><![CDATA[BEDIMO]]></NetBIOSDomainName><DnsDomainName><![CDATA[bedimo.local]]></DnsDomainName><UPN><![CDATA[Domain Admins@bedimo.local]]></UPN></Group></SecurityGroups><FilePaths/><GroupPolicyCoreSettings><ID><![CDATA[{99CC0D48-1187-4D89-9D8B-0E2E47C6DC9F}]]></ID><Domain><![CDATA[bedimo.local]]></Domain><SecurityDescriptor>01 00 04 9c 00 00 00 00 00 00 00 00 00 00 00 00 14 00 00 00 04 00 ec 00 08 00 00 00 05 02 28 00 00 01 00 00 01 00 00 00 8f fd ac ed b3 ff d1 11 b4 1d 00 a0 c9 68 f9 39 01 01 00 00 00 00 00 05 0b 00 00 00 00 00 24 00 ff 00 0f 00 01 05 00 00 00 00 00 05 15 00 00 00 cd 11 ce 55 66 5c d2 a1 6c 74 f5 5f 00 02 00 00 00 02 24 00 ff 00 0f 00 01 05 00 00 00 00 00 05 15 00 00 00 cd 11 ce 55 66 5c d2 a1 6c 74 f5 5f 00 02 00 00 00 02 24 00 ff 00 0f 00 01 05 00 00 00 00 00 05 15 00 00 00 cd 11 ce 55 66 5c d2 a1 6c 74 f5 5f 07 02 00 00 00 02 14 00 94 00 02 00 01 01 00 00 00 00 00 05 09 00 00 00 00 02 14 00 94 00 02 00 01 01 00 00 00 00 00 05 0b 00 00 00 00 02 14 00 ff 00 0f 00 01 01 00 00 00 00 00 05 12 00 00 00 00 0a 14 00 ff 00 0f 00 01 01 00 00 00 00 00 03 00 00 00 00</SecurityDescriptor><DisplayName><![CDATA[Cloud 2.0_BEWAN_IfranView_French]]></DisplayName><Options><![CDATA[0]]></Options><UserVersionNumber><![CDATA[1441814]]></UserVersionNumber><MachineVersionNumber><![CDATA[0]]></MachineVersionNumber><MachineExtensionGuids/><UserExtensionGuids><![CDATA[[{00000000-0000-0000-0000-000000000000}{516FC620-5D34-4B08-8165-6A06B623EDEB}][{74EE6C03-5363-4554-B161-627540339CAB}{516FC620-5D34-4B08-8165-6A06B623EDEB}]]]></UserExtensionGuids><WMIFilter/></GroupPolicyCoreSettings> 
        <GroupPolicyExtension bkp:ID="{35378EAC-683F-11D2-A89A-00C04FBBCFA2}" bkp:DescName="Registry">
            
            
            <FSObjectFile bkp:Path="%GPO_FSPATH%\Adm\*.*" bkp:SourceExpandedPath="\\BED-CM-DC01.bedimo.local\sysvol\bedimo.local\Policies\{99CC0D48-1187-4D89-9D8B-0E2E47C6DC9F}\Adm\*.*"/>
        </GroupPolicyExtension>
        
        
        
        
        
        
        
        
        
    <GroupPolicyExtension bkp:ID="{F15C46CD-82A0-4C2D-A210-5D0D3182A418}" bkp:DescName="Unknown Extension"><FSObjectDir bkp:Path="%GPO_USER_FSPATH%\Preferences" bkp:SourceExpandedPath="\\BED-CM-DC01.bedimo.local\sysvol\bedimo.local\Policies\{99CC0D48-1187-4D89-9D8B-0E2E47C6DC9F}\User\Preferences" bkp:Location="DomainSysvol\GPO\User\Preferences"/><FSObjectDir bkp:Path="%GPO_USER_FSPATH%\Preferences\IniFiles" bkp:SourceExpandedPath="\\BED-CM-DC01.bedimo.local\sysvol\bedimo.local\Policies\{99CC0D48-1187-4D89-9D8B-0E2E47C6DC9F}\User\Preferences\IniFiles" bkp:Location="DomainSysvol\GPO\User\Preferences\IniFiles"/><FSObjectFile bkp:Path="%GPO_USER_FSPATH%\Preferences\IniFiles\IniFiles.xml" bkp:SourceExpandedPath="\\BED-CM-DC01.bedimo.local\sysvol\bedimo.local\Policies\{99CC0D48-1187-4D89-9D8B-0E2E47C6DC9F}\User\Preferences\IniFiles\IniFiles.xml" bkp:Location="DomainSysvol\GPO\User\Preferences\IniFiles\IniFiles.xml"/></GroupPolicyExtension></GroupPolicyObject>
</GroupPolicyBackupScheme>