<Backups xmlns="http://www.microsoft.com/GroupPolicy/GPOOperations/Manifest" xmlns:mfst="http://www.microsoft.com/GroupPolicy/GPOOperations/Manifest" mfst:version="1.0"><BackupInst><GPOGuid><![CDATA[{99CC0D48-1187-4D89-9D8B-0E2E47C6DC9F}]]></GPOGuid><GPODomain><![CDATA[bedimo.local]]></GPODomain><GPODomainGuid><![CDATA[{fd95c161-f966-4bf0-80bd-b238475df364}]]></GPODomainGuid><GPODomainController><![CDATA[BED-CM-DC01.bedimo.local]]></GPODomainController><BackupTime><![CDATA[2019-06-11T08:14:53]]></BackupTime><ID><![CDATA[{2524339C-2020-41D7-ACF9-A277F0B0279B}]]></ID><Comment><![CDATA[Cloud 2.0_BEWAN_IfranView_FR]]></Comment><GPODisplayName><![CDATA[Cloud 2.0_BEWAN_IfranView_French]]></GPODisplayName></BackupInst></Backups>