<BackupInst xmlns="http://www.microsoft.com/GroupPolicy/GPOOperations/Manifest"><GPOGuid><![CDATA[{A18566D8-02D2-4568-97F0-B860D79A1245}]]></GPOGuid><GPODomain><![CDATA[bedimo.local]]></GPODomain><GPODomainGuid><![CDATA[{fd95c161-f966-4bf0-80bd-b238475df364}]]></GPODomainGuid><GPODomainController><![CDATA[BED-CM-DC01.bedimo.local]]></GPODomainController><BackupTime><![CDATA[2019-07-03T09:59:11]]></BackupTime><ID><![CDATA[{28B6B172-4C39-4C68-8246-6217557A7B40}]]></ID><Comment><![CDATA[Cloud 2.0_BEWAN_Language_NL]]></Comment><GPODisplayName><![CDATA[Cloud 2.0_BEWAN_Language_NL]]></GPODisplayName></BackupInst>
