<?xml version="1.0" encoding="utf-8"?>
<RegistrySettings clsid="{A3CCFC41-DFDB-43a5-8D26-0FE8B954DA51}"><Registry clsid="{9CD4B2F4-923D-47f5-A062-E897DD1DAD50}" name="MaxLargeFileSize" status="MaxLargeFileSize" image="12" changed="2018-09-07 11:49:04" uid="{AFF8AB68-79D8-4BAD-A7B7-5B6000B1DC15}" bypassErrors="1"><Properties action="U" displayDecimal="1" default="0" hive="HKEY_CURRENT_USER" key="Software\Microsoft\Office\16.0\Outlook\PST" name="MaxLargeFileSize" type="REG_DWORD" value="FFFFFFFF"/></Registry>
	<Registry clsid="{9CD4B2F4-923D-47f5-A062-E897DD1DAD50}" name="PONT_STRING" status="PONT_STRING" image="5" changed="2019-01-28 17:35:03" uid="{C78355F2-2E97-4C28-9A5C-D79B9AEB48CB}" disabled="0" bypassErrors="1"><Properties action="C" displayDecimal="1" default="0" hive="HKEY_CURRENT_USER" key="Software\Microsoft\Office\16.0\Outlook\Options\General" name="PONT_STRING" type="REG_SZ" value="53"/><Filters/></Registry>
	<Registry clsid="{9CD4B2F4-923D-47f5-A062-E897DD1DAD50}" name="WarnLargeFileSize" status="WarnLargeFileSize" image="12" changed="2018-09-07 11:49:44" uid="{57FED9BB-2E23-4CE5-9D4F-0D497FC844A8}" bypassErrors="1"><Properties action="U" displayDecimal="1" default="0" hive="HKEY_CURRENT_USER" key="Software\Microsoft\Office\16.0\Outlook\PST" name="WarnLargeFileSize" type="REG_DWORD" value="02702702"/></Registry>
	<Registry clsid="{9CD4B2F4-923D-47f5-A062-E897DD1DAD50}" name="ShownFileFmtPrompt" status="ShownFileFmtPrompt" image="12" changed="2019-02-16 13:02:00" uid="{CB044C9D-3DD6-4EDE-8D1A-43741ACB1660}"><Properties action="U" displayDecimal="1" default="0" hive="HKEY_CURRENT_USER" key="Software\Microsoft\Office\16.0\Common\General" name="ShownFileFmtPrompt" type="REG_DWORD" value="00000001"/></Registry>
</RegistrySettings>
